"Answer_deepseek-r1","Answer_digital-umuganda-mt","Answer_gemini-pro2.5","Answer_google-translate","Answer_gpt-4o","Answer_gpt-o3-mini","Answer_sonnet-3.7"
"Ushobora gusaba uburenganzira bwo gufasha ukoresheje Irembo ku rubuga: Injira -> Serivisi z'Abafasha -> Kwiyandikisha","Gufungura amarembo igihe kirekire birashobora gukurura umutekano muke no kwinjira utabifitiye uburenganzira. Ni ngombwa kubahiriza amasaha yakazi kugirango umutekano numutekano wabakozi nabakiriya. Niba ushaka gufasha abantu kubona serivisi zinzira, urashobora kubikora mugihe cyamasaha yagenwe.","Tubitangire imbabazi kubera gutinda gutanga uburenganzira. Turimo gukorana umwete kugira ngo twihutishe inzira. Mushobora kureba ku rubuga rwacu cyangwa mugahamagara umurongo w'ubufasha kugira ngo mumenye amakuru agezweho.","Irembo ntabwo yemeye gufungura Irembo kubera umutekano nimpamvu zikorwa. Ariko, urashobora gufasha abantu kubona serivise za Gateway mugutezimbere no gusangira amakuru kubyerekeye serivisi ziboneka binyuze mumiyoboro yemewe.","Irembo irimo gukora ku buryo bwo gufungura uburyo bwo gufasha abandi kubona serivisi. Turakumenyesha igihe bizaba bishoboka.","Turasaba imbabazi ku kuba byatinze kubera imbogamizi z’ikoreshwa; turakorana ibishoboka byose ngo dutange uburenganzira bwihuse.","Turacyakorera ku buryo bwo gutanga uburenganzira bwo gufasha abandi kubona serivisi z'Irembo. Turabimenyesha vuba uko bizagenda."
"Kanda kuri careers.irembo.rw uhitemo akazi ukunda, wandike CV yawe n'inyandiko zose zikenewe","Kuvugana numuntu ushaka akazi muri irembo, barashobora gusura urubuga rwa irembo cyangwa kuvugana nitsinda ryabakiriya ba irembo bakoresheje terefone cyangwa imeri kugirango bahabwe ubufasha hamwe namahirwe yakazi aboneka kurubuga.","Ushobora kureba ku rubuga rwacu rwa Irembo ahandikirwa imyanya y'akazi ishyirwaho, cyangwa ukohereza umwirondoro wawe kuri aderesi yacu y'amakuru rusange.","Kubaza amahirwe yakazi muri Iregate, abantu barashobora gusura urubuga rwa Iregate cyangwa bakabaza ishami ryabo rishinzwe abakozi binyuze kuri imeri cyangwa terefone kugirango bagaragaze ko bashimishijwe kandi babaze imyanya ihari.","Ushobora kuvugana n'ishami ry'abakozi ba Irembo unyuze ku rubuga rwabo cyangwa ukabandikira kuri email yabo.","Wakwandikira serivisi z’itangazamakuru za Irembo cyangwa ugakoresha urubuga rwacu kugira ngo ubone amakuru y’akazi.","Umuntu ashaka akazi mu Irembo ashobora kohereza CV ye kuri email yacu careers@irembo.rw cyangwa akajya ku rubuga rwacu agakurikiza amabwiriza yo gusaba akazi."
"Koresha code ya QR iri ku cyangombwa cyawe kuri Irembo, uhitemo 'Kwishyura Umusoro' ukurikize amabwiriza","Niba waratakaje impapurompamo z'ubutaka bwawe ukaba ukeneye kwishyura umusoro w'ubutaka mu rwanda, ushobora gusaba impapurompamo z'ubutaka z'inyigana binyuze mu biro bishinzwe kwandika ubutaka. Umaze kugira impapuro zingana, urashobora gukomeza kwishyura umusoro w'ubutaka ku biro by'ikigo cy'imisoro n'amahoro (rra) cyangwa kumurongo ukoresheje urubuga rwabo.","Kugira ngo ubone icyangombwa cy'ubutaka bundi bushya, wagana ikigo cy'igihugu gishinzwe ubutaka cyangwa ukoreshe urubuga rwa Irembo (irembo.gov.rw) usaba kopi yacyo. Uzakenera gutanga ibisobanuro by'ubutaka bwawe.","Niba waratakaje ubutaka bwawe mu Rwanda, uzakenera gusaba titre ebyiri kubiro bishinzwe iyandikisha ry&#39;ubutaka. Umaze kugira titre duplicate, urashobora gukomeza kwishyura imisoro yubutaka nkuko leta ibisabwa.","Ushobora gusaba icyemezo gishya cy'ubutaka unyuze kuri serivisi za Irembo cyangwa ukagana ibiro by'ubutaka by'akarere.","Nyamuneka saba icyemezo gishyashya cy’ubutaka mu biro byacu cyangwa ukoreshe serivisi zacu kuri Irembo zifasha kuvugurura inyandiko.","Ushobora gusaba kopi y'icyangombwa cy'ubutaka mu biro by'ubutaka byo mu karere kawe. Uzakenera kwerekana indangamuntu yawe n'inyemezabwishyu y'amafaranga asabwa."
"Pasiporo zishobora gutwara iminsi 3-5 nyuma y'uko ibisabwa byuzuye. Reba status yawe kuri Irembo buri munsi","Yego, nshobora kugufasha gusaba pasiporo binyuze muri serivisi za irembo mu rwanda. Urashobora gusura urubuga rwa irembo cyangwa porogaramu igendanwa kugirango utangire gahunda yawe yo gusaba kumurongo.","Birashoboka ko hari ikibazo cya tekiniki. Gerageza kongera cyangwa uhamagare umurongo wacu w'ubufasha kuri [Nimero ya telefone y'Irembo] kugira ngo bagufashe mu gusaba pasiporo.","Nibyo, ndashobora kugufasha gusaba pasiporo binyuze muri serivisi za Irembo mu Rwanda. Nyamuneka mpa amakuru akenewe hamwe ninyandiko, kandi nzakuyobora muburyo bwo gusaba.","Turashishikariza gukomeza kugerageza cyangwa ukagana ibiro by'abinjira n'abasohoka kugira ngo bagufashe.","Twandikire kuri serivisi za Irembo maze tukuyobore mu buryo bwo gusaba pasiporo.","Ntibishoboka ko tukwiyandikishiriza pasiporo. Ariko ushobora gusaba ubufasha bwo kuzuza neza inyandiko za ngombwa. Nyamuneka, gerageza kongera cyangwa utugane ku biro byacu."
"Koresha serivisi ya 'Code Recovery' kuri Irembo, ukazana indangamuntu yemewe nka kopi y'irangamimerere.","Oya, irembo si irembo. Irembo ni urubuga rwa interineti mu rwanda rutanga serivisi za leta ku baturage n'ubucuruzi.","Hari igihe code ishobora gutinda kubera impamvu za tekiniki cyangwa verifikasiyo. Ushobora kureba kuri konti yawe ya Irembo cyangwa ukavugisha serivisi z'abakiriya kugira ngo bakurikirane ikibazo cyawe.","Oya, Irembo ntabwo ari irembo. Irembo ni urubuga rwa interineti mu Rwanda rutanga serivisi za leta kubaturage nubucuruzi.","Ushobora kuvugana n'ubuyobozi bwa Irembo kugira ngo bagufashe kubona iyo code.","Icyo kibazo gikunze guterwa n’ikibazo mu kugenzura amakuru; nyamuneka vugana n’abashinzwe gufasha abakiriya kugira ngo bakurikirane ikibazo cyawe.","Iyo utaboye code nyuma yo kwiyandikisha, ushobora guhamagara umurongo wacu w'ubufasha kuri 9099 cyangwa ukandika ubutumwa kuri support@irembo.rw tukagufasha kubona code yawe."
"Koresha SMS service wo gukora ubusabe bwa SMS ukoresheje *909# kuri telefoni yawe.","Urashobora kugarura ubutumwa bwabuze winjiye muri konte yawe ya irembo hanyuma ukagera kumateka yubutumwa. Jya gusa kumutwe wubutumwa kurubuga kugirango usubiremo amakuru yose yingenzi ushobora kuba warabuze.","Ushobora gusaba ko bakongera kukohereza ubutumwa ukoresheje konti yawe ya Irembo cyangwa ukahamagara umurongo w'ubufasha wabo. Tegura nimero yawe y'irangamuntu cyangwa dosiye.","Urashobora kubona ubutumwa winjiye muri konte yawe ya Irembo ukareba amateka yubutumwa bwawe. Niba udashoboye kuyimenya, urashobora kwegera abakiriya ba Irembo kugirango bagufashe mugutanga ubutumwa mbere yikizamini cyawe ejo.","Gerageza kongera kugerageza cyangwa uvugane n'abakozi ba Irembo kugira ngo bagufashe.","Nyamuneka saba ubutumwa bwo kwibutsa mu buryo bwihuse hifashishijwe serivisi zacu za Irembo.","Ushobora kongera kwinjira ku konti yawe ya Irembo ukareba ubutumwa bwose, cyangwa ukaduhamagara kuri 9099 tukagufasha kubona ubutumwa bwabuze."
"Italiki zose zerekana kuri konti yawe ya Irembo. Kanda 'Exam Schedule' muri menu y'ibikorwa.","Kugirango ubone itariki yikizamini cyawe, urashobora kwinjira kuri konte yawe ya irembo aho wiyandikishije mukizamini. Umaze kwinjira, ugomba gushobora kureba itariki yikizamini cyawe mumwirondoro wawe cyangwa ibice biri imbere.","Ushobora kureba itariki y'ikizamini cyawe winjiye kuri konti yawe ya Irembo ahanditse 'Ibyo nasabye', cyangwa ugahamagara umurongo wabo w'ubufasha kuri [Nimero ya telefone y'Irembo].","Kugirango ugarure itariki yawe y&#39;ibizamini, urashobora kwinjira kuri konte yawe ya Irembo hanyuma ukareba gahunda uzaza cyangwa ukabaza akanama gashinzwe ibizamini kugirango ubafashe.","Ushobora kwinjira mu rubuga rwa Irembo ukareba italiki y'ikizamini cyawe cyangwa ukabaza abakozi ba Irembo.","Kanda ku rubuga rwa Irembo cyangwa uhamagare serivisi zacu kugira ngo ubone amakuru y’itariki y’ikizamini.","Ushobora kwinjira ku konti yawe ya Irembo ukareba amakuru y'ikizamini cyawe. Niba ukomeza kugira ibibazo, duhamagare kuri 9099 tukagufasha."
"Twakiriye ubusabe bwawe. Turabagerageza guhera mu masaha 24 ataha. Mwongere mugerageze nyuma y'igice cy'isaha.","Niba wiyandikishije kuri serivisi hamwe na irembo mwijoro ryakeye ukaba ukeneye kwishyura, urashobora kubikora byoroshye ukoresheje uburyo bwo kwishyura. Ubushake bwawe bwo gufasha burashimwa, kandi urashobora kugera kubufasha bwabakiriya kubufasha ubwo aribwo bwose ushobora gukenera.","Bishobora guterwa n'ikibazo cy'igihe gito muri sisitemu yo kwishyura. Gerageza kongera nyuma gato cyangwa ukoreshe ubundi buryo bwo kwishyura bushoboka. Niba bikomeje, hamagara ubufasha bw'abakiriya.","Niba wiyandikishije mwijoro ryakeye kandi ukaba ugifite ibibazo byo kwishyura, nyamuneka wegera abakiriya ba Irembo kugirango bagufashe. Bazashobora kugufasha gukemura ibibazo byose bijyanye no kwishura no kwemeza inzira nziza kuri wewe.","Gerageza kongera kugerageza cyangwa uvugane n'abakozi ba Irembo kugira ngo bagufashe.","Tegereza gato cyangwa uhamagare serivisi zacu kugira ngo utange ikibazo cyawe ku bijyanye no kwishyura neza.","Ushobora kugerageza ubundi buryo bwo kwishyura nk'ikofi, MTN Mobile Money cyangwa ukoresha banki. Niba ikibazo gikomeje, duhamagare kuri 9099 tukagufasha."
"Numero ya dosiye irasanga kuri email yawe yakiriye ubusabe. Turabifashisha niba utabibona.","Mumbabarire, ariko sinshobora gutanga nimero yihariye ya dosiye.  Ariko, urashobora kuvugana ibiro cyangwa ishami bireba aho watanze icyifuzo cyawe kugirango ugarure numero ya dosiye.","Ushobora gusanga numero ya dosiye yawe muri SMS cyangwa email wakiriye nyuma yo gusaba. Niba utayibona, hamagara serivisi z'abakiriya za Irembo ufite amakuru yawe bwite, baragufasha.","Kubwamahirwe, nkumufasha, ntabwo nshobora kubona amakuru yihariye nka numero ya dosiye yawe. Ndasaba kuvugana ninzego zibishinzwe cyangwa itsinda rya serivisi ryabakiriya ba Irembo kugirango bagufashe kugarura numero yawe ya dosiye kugirango usabe indangamuntu.","Ushobora kuvugana n'ubuyobozi bwa Irembo kugira ngo bagufashe kubona iyo numero ya dosiye.","Nyamuneka reba mu nyandiko zawe cyangwa uhamagare serivisi z’abakiriya za Irembo kugira ngo ubone numero ya dosiye yawe.","Ushobora kwinjira ku konti yawe ya Irembo ukareba amakuru y'ubusabe bwawe. Cyangwa udutumire kuri 9099 tukagufasha kubona numero ya dosiye yawe."
"Koresha serivisi ya Document Download kuri Irembo -> Amavuko -> Shyiramo numero y'irangamimerere -> Kanda 'Download PDF'","Niba ugerageza kwigana icyemezo cy'amavuko cyawe ariko ufite ibibazo, ni byiza ko wasura ikigo cya serivise z'irembo kiri hafi kugirango ugihe ubufasha. Barashobora kugufasha kumenya ikibazo no gutanga inama zuburyo bwo gukomeza kubona kopi yinyandiko yawe y'amavuko.","Gerageza gukoresha indi internet browser cyangwa uhanagure cache ya browser yawe. Niba ikibazo gikomeje, bishobora kuba ari ikibazo cya seriveri. Ongera ugerageze nyuma gato cyangwa uvugishe ubufasha bwa Irembo.","Niba uhuye nibibazo byo gukuramo icyemezo cyamavuko kuri Irembo, nyamuneka urebe ko ufite umurongo wa interineti uhamye kandi ugerageze kuvugurura page cyangwa gukuraho cache ya mushakisha yawe. Niba ikibazo gikomeje, urashobora guhamagara abakiriya ba Irembo kugirango bagufashe.","Gerageza kongera kugerageza cyangwa uvugane n'abakozi ba Irembo kugira ngo bagufashe.","Icyo kibazo gishobora guterwa n’imikorere ya sisitemu; vugana n’itsinda rishinzwe ikoranabuhanga kuri Irembo kugira ngo bagufashe.","Gerageza gusiba cache y'urubuga cyangwa ukoresha browser itandukanye. Niba ikibazo gikomeje, duhamagare kuri 9099 tukagufasha."
"Tumizera email ku support@irembo.rw ugaragaza 'Update Application Location' mu mutwe, uzuzemo ibisobanuro byawe","Serivisi za irembo ntizitanga ubufasha bwo gukuramo dosiye cyangwa kwiyandikisha ahantu runaka. Nyamuneka hamagara umuryango cyangwa ikigo gikwiye kugirango ukemure icyifuzo cyawe cyihariye cyo gukorera musanze aho kuba rusizi.","Niba application yawe itaremezwa burundu, ushobora kuyihagarika kuri konti yawe ya Irembo ukongera ugasaba. Niba yamaze kwemezwa, hamagara umurongo w'ubufasha wa Irembo kugira ngo bakuyobore ku buryo bwo guhindura aho uzakorerara ikizamini.","Kugira ngo ukosore amakosa mu kwiyandikisha kwawe, nyamuneka hamagara abakiriya ba Irembo kugirango bakureho dosiye itari yo. Iyo dosiye imaze gukurwaho, urashobora gukomeza kwiyandikisha hamwe nuburyo bukwiye bwa Musanze.","Ushobora gusaba guhindura aho uzakorera unyuze kuri serivisi za Irembo.","Twandikire hakiri kare maze tugufashe gukosora amakuru ya serivisi wahisemo, tukaguhindurira dosiye yawe.","Ntibishoboka gusiba dosiye imaze kwandikwa. Ariko ushobora gusaba kuyihindura. Duhamagare kuri 9099 cyangwa wandike kuri support@irembo.rw tukakuyobora."
"Twakiriye ubusabe. Turabagerageza gukora modification mu masaha 48. Reba status kuri Irembo -> My Applications -> Marriage","Mbabarira, ariko serivisi z'irembo nta bubasha zifite bwo guhindura uwo ugiye kurongora. Ibyemezo byo gushyingirwa ni ibyawe bwite kandi bigomba kuganirwaho hagati yawe numukunzi wawe.","Impinduka nk'izo zisaba ko ubanza guhagarika ubusabe bwambere ukabona gutanga ubundi bushya. Gana umurenge wandikishirijemo cyangwa ubavugishe unyuze kuri Irembo kugira ngo bagufashe kubikora mu buryo bukurikije amategeko.","Ubukwe bumaze kwandikwa mu Rwanda, ntibishoboka guhindura umukunzi wawe ugashyiraho undi. Niba umukunzi wawe yanze kwandikisha abashakanye, ushobora gukenera kugisha inama amategeko muburyo bwo gukomeza.","Ushobora gusaba guhindura amakuru y'ubukwe unyuze kuri serivisi za Irembo.","Nyamuneka saba impinduka ku makuru yawe anyuze mu bigo bishinzwe imicungire y’amadosiye kuri Irembo, kandi bizakurikiranwa mu buryo bwemewe.","Ushobora gusaba guhindura amakuru y'ubukwe bwawe. Nyamuneka, duhamagare kuri 9099 cyangwa wandike kuri support@irembo.rw tukakuyobora mu nzira zo gukora izo mpinduka."
"Kwishyura mbere y'igihe: Injira kuri Irembo -> Taxes -> Early Payment -> Shyiramo code y'umusoro wawe","Ushobora kwishyura imisoro hakiri kare ukoresheje urubuga rwa interineti rw'ikigo cy'imisoro n'amahoro kuri irembo. Sura urubuga hanyuma ukurikire amabwiriza yo kwishyura mbere yigihe ntarengwa.","Ushobora kwishyura imisoro y'ubutaka ukoresheje urubuga rwa Irembo cyangwa ukoresheje mobile money (MoMo Pay) ukurikiza amabwiriza yatanzwe na RRA (Ikigo cy'Imisoro n'Amahoro).","Urashobora kuriha imisoro kumurongo ukoresheje urubuga rwu Rwanda Revenue Authority (RRA) ukoresheje urubuga rwa Irembo. Sura gusa urubuga rwa RRA, hitamo uburyo bwo kwishyura imisoro, hanyuma ukurikize amabwiriza yo kwishyura imisoro hakiri kare kandi wirinde ibihano byose.","Ushobora gukoresha serivisi za Irembo kwishyura imisoro hakiri kare.","Hamagara serivisi z’inyungu z’ubutaka cyangwa ukoreshe urubuga rwa Irembo kugira ngo ushobore kwishyura imisoro hakiri kare.","Ushobora kwishyura imisoro yawe ukoresheje Irembo. Injira ku rubuga rwacu, ukore konti, uhitemo serivisi yo kwishyura imisoro, ukurikize amabwiriza."
"Kanda kuri Irembo -> ID Services -> Photo Update -> Shyiramo numero y'ID -> Tungura ifoto yawe (35x45mm)","Yego, irembo itanga serivise yo gusimbuza amafoto y'indangamuntu mu rwanda. Urashobora gusaba byoroshye gusimbuza ukoresheje urubuga rwa irembo hanyuma ugakurikiza intambwe zikenewe kugirango ubone idosiye yawe nshya.","Gusimbuza ifoto ku ndangamuntu bisaba ko usaba indangamuntu nshya. Gana ku rubuga rwa Irembo, hitamo serivisi yo gusaba indangamuntu, maze ukurikize amabwiriza, harimo no kohereza ifoto nshya ikurikije ibisabwa.","Nibyo, Irembo itanga serivise ifasha abantu gusimbuza amafoto kurirangamuntu yabo mu Rwanda. Urashobora gukoresha urubuga rwa Irembo kugirango utangire inzira kandi ukurikize intambwe zikenewe zo kuvugurura ifoto yindangamuntu.","Ushobora gusimbuza amafoto yo ku ndangamuntu unyuze kuri serivisi za Irembo.","Tegereza ibisabwa byuzuye by’amafoto, hanyuma usabe gusimbuza amafoto anyuze mu nzira yemewe kuri Irembo.","Kugira ngo usimbuze ifoto y'indangamuntu, uzakenera kuzana ifoto nshya, indangamuntu yawe y'ubu, no kwishyura amafaranga asabwa. Ushobora gusaba iyi serivisi ku rubuga rwacu."
"Imyanya iriho bigeze ku bisabwa by'akarere. Kanda kuri Irembo -> Permits -> District Requirements -> Busanza","Mu kwiyandikisha ku rubuga rwa irembo, urashobora kubona serivisi zitandukanye zitangwa na leta yu rwanda kumurongo. Ibi birimo gusaba no kuvugurura impushya nkibiciro byumushoferi, iyandikisha ryimodoka, hamwe nimpushya zubucuruzi byoroshye kuri mudasobwa yawe cyangwa igikoresho kigendanwa.","Imyanya yo gukorera ibizamini bya permit ishyirwaho hashingiwe ku mashuri yigisha gutwara ibinyabiziga n'ahantu hakorerwa ibizamini. Imyanya ishobora kuba ari mike cyangwa yaruzuye ahandi. Gerageza kureba kenshi cyangwa uhamagare Polisi ishami rishinzwe umutekano wo mu muhanda.","Mugihe wiyandikishije kugirango ubone uruhushya binyuze muri serivisi za Irembo mu Rwanda, urashobora gusaba byoroshye no gucunga ibyemezo bya leta bitandukanye kumurongo, bikagutwara igihe n&#39;imbaraga.","Ushobora kuvugana n'ubuyobozi bwa Irembo kugira ngo bagufashe kubona imyanya ahandi.","Icyo kibazo gishobora guterwa n’amakuru atuzuye; saba guhindura ibipimo byawe kuri Irembo binyuze mu murongo w’ubufasha.","Imyanya igaragara biterwa n'aho amasaha ari menshi. Ushobora gukomeza kugenzura buri gihe kuko imyanya mishya yongerwa buri munsi. Cyangwa udutumire tukagufasha kubona ikindi gihe."
"Tumizera kopi y'ishyurahamwe ryanyu rimwe kuri refunds@irembo.rw hamwe n'ibisobanuro by'ingaruka","Niba warishyuye amahazabu yo mumuhanda ariko nyuma ukavumbura ko umushoferi wawe nayo yishyuye, urashobora kuvugana n'inzego zibishinzwe kugirango usabe gusubizwa amafaranga yishyura. Ubahe gihamya ikenewe yo kwishyura kugirango byorohereze inzira.","Niba habayeho kwishyura inshuro ebyiri ihazabu y'umuhanda, mutwandikire mufite ibimenyetso by'ubwishyu (receipts) zombi. Tuzagenzura ikibazo cyanyu kandi tubafashe mu nzira yo gusaba gusubizwa amafaranga y'inyongera.","Niba wishyuye amande yimodoka ariko umushoferi wawe nawe yarayishyuye, ugomba guhamagara inzego zibishinzwe kugirango ubamenyeshe ubwishyu bubiri. Tanga icyemezo cyuko wishyuye kandi usabe gusubizwa ubwishyu bubiri bwakozwe numushoferi wawe.","Ushobora kuvugana n'ubuyobozi bwa Irembo kugira ngo bagufashe kubona ayo mafaranga.","Hamagara serivisi zacu z’abakiriya kugira ngo hagaragazwe uburyo bwo gusubizwa amafaranga igihe byagaragaye ko habayeho kwishyura inshuro ebyiri.","Ushobora gusaba gusubizwa amafaranga wakoresheje ubwa kabiri. Uzakenera kwerekana inyemezabwishyu zombi. Duhamagare kuri 9099 cyangwa wandike kuri support@irembo.rw tukagufasha."
"Koresha serivisi ya Status Check: Injira kuri Irembo -> My Applications -> Case Status -> Shyiramo reference number yawe","Irembo itanga serivisi aho abayikoresha bashobora gusaba icyemezo cy'ubutabera.  Ushobora kubona iki cyemezo ako kanya nyuma yo kohereza icyifuzo cyawe kumurongo ukoresheje urubuga rwa irembo.","Igihe gisabwa gishobora guhinduka bitewe n'umubare w'abasaba cyangwa igenzura rikenewe. Ushobora gukurikirana aho ubusabe bwawe bugeze kuri konti yawe ya Irembo cyangwa ukahamagara umurongo w'ubufasha wa Irembo kugira ngo ubaze.","Irembo itanga serivisi yo gusaba icyemezo cyinshinjabyaha, ushobora kuboneka vuba kandi byoroshye kumurongo. Urashobora gutanga icyifuzo cyawe ukoresheje Irembo hanyuma ukakira icyemezo vuba.","Ushobora kuvugana n'ubuyobozi bwa Irembo kugira ngo bagufashe kubona icyo cyemezo.","Turasaba imbabazi ku myandikire yabayeho; nyamuneka saba gukurikirana aho icyemezo kiri cyagaragaza impamvu cyatinze.","Igihe cyo gutanga icyemezo gishobora gutandukana bitewe n'umubare w'abasaba. Ushobora kugenzura aho ubusabe bwawe bugeze ku rubuga rwacu. Niba ikibazo gikomeje, duhamagare kuri 9099."
"Tumizera email ku legal@irembo.rw ugaragaza 'Family Exemption Clarification' mu mutwe, uzuzemo kopi y'icyemezo","Ndasaba kwegera ubuyobozi butanga cyangwa ishami bireba kugirango ubaze kubyerekeye gutinda guhabwa icyemezo cyo kurekura umugore wawe, umuhungu wawe, nawe ubwawe. Bagomba kuba bashobora kuguha amakuru mashya no gusobanura impamvu yatinze.","Hari igihe igenzura ku muntu umwe ritwara igihe kirenze icy'abandi bitewe n'amakuru agomba kubanza kugenzurwa. Ushobora gukurikirana ubusabe bwawe kuri konti yawe ya Irembo cyangwa ukahamagara umurongo w'ubufasha wa Irembo ngo umenye aho bigeze.","Ndasaba kwegera ubuyobozi butanga kugirango mubaze ibijyanye no gutinda kubona ibyemezo bivuga ko wowe, umugore wawe, numuhungu wawe utafunzwe. Bashobora gutanga ibisobanuro kubibazo kandi bagafasha gukemura ibibazo byose.","Ushobora kuvugana n'ubuyobozi bwa Irembo kugira ngo bagufashe kubona ibyo byemezo.","Reba uburyo ubusabe bwanyu bwakiriwe cyangwa uzahamagare serivisi z'abakiriya za Irembo kugira ngo bagenzure impamvu byatinze.","Buri busabe bugenzurwa ukwabwo. Ushobora kugenzura aho ubusabe bwawe bugeze ku rubuga rwacu. Niba ikibazo gikomeje, duhamagare kuri 9099 tukagufasha."
"Kanda kuri Irembo -> Land Services -> Document Tracking -> Shyiramo numero y'irangamimerere -> Reba progress","Niba wahinduye impapuro mpamo z'ubutaka bwawe ukwezi gushize ukaba utarabona impapuro mpamo zivuguruye, ushobora kugenzura imiterere y'impapuro mpamo z'ubutaka bwawe ku biro by'ikigo gishinzwe imicungire n'imikoreshereze y'ubutaka mu rwanda (rlmua) aho byakorewe. Bazashobora kuguha amakuru ku miterere y'inyito yawe.","Ushobora gukurikirana aho ubusabe bwawe bugeze kuri konti yawe ya Irembo ukoresheje numero ya dosiye wahawe. Niba utayibona, hamagara serivisi z'abakiriya ba Irembo cyangwa uwegere ikigo gishinzwe ubutaka.","Kugirango umenye uko icyemezo cyubutaka bwawe gihagaze nyuma ya mutation, urashobora gusura ibiro byubuyobozi bushinzwe imicungire yubutaka n’imikoreshereze (RLMUA) aho mutation yatunganyirijwe. Bazashobora kuguha amakuru agezweho kubijyanye no gutanga ibyemezo byawe.","Ushobora kuvugana n'ubuyobozi bwa Irembo cyangwa ibiro by'ubutaka kugira ngo bamenye aho icyangombwa cyawe kigeze.","Saba amakuru y'aho icyangombwa kiri anyuze mu murongo w'ubufasha kuri Irembo, maze usuzume uko byagenze mu buryo bw'umwuga.","Ushobora kugenzura aho ubusabe bwawe bugeze ukoresheje numero ya dosiye yawe ku rubuga rwacu. Niba ikibazo gikomeje, duhamagare kuri 9099 tukagufasha."
"Amanota ashyirwa kuri konti yawe mu masaha 48. Kanda kuri Irembo -> Exams -> Results -> Shyiramo code y'ikizamini","Niba wasohotse mu kizamini utareba amanota yawe, urashobora gukenera kuvugana numuyobozi wikizamini cyangwa ikigo kugirango ubaze kubyerekeye kubona ibisubizo byawe. Bagomba kuba bashobora kugufasha kugarura amanota yawe.","Amanota y'ibizamini bya permit ubusanzwe yoherezwa kuri telefone wandikishije cyangwa kuri email. Niba utayabonye, injira kuri konti yawe ya Irembo cyangwa uhamagare umurongo w'ubufasha kugira ngo barebe uko byagenze.","Niba wavuye mu kizamini utarebye amanota yawe, urashobora guhamagara umuyobozi w&#39;ikigo cyangwa ikigo kugirango usabe amanota yawe. Bashobora kuguha amakuru ukeneye.","Ushobora kwinjira mu rubuga rwa Irembo ukareba amanota yawe cyangwa ukabaza abakozi ba Irembo.","Tegereza gato cyangwa uhamagare serivisi zacu kugira ngo ubone amakuru ajyanye n'amanota yawe byihuse.","Amanota yawe abikwa mu buryo bw'ikoranabuhanga. Ushobora kwinjira ku konti yawe ya Irembo ukareba amanota yawe. Niba ukomeza kugira ibibazo, duhamagare kuri 9099."
"Ibyemezo bisabwa mu gihe cyo gukora mutation, gushyingira, cyangwa gukemura ibibazo by'ubutaka. Reba kuri Irembo -> Legal Certificates","Icyemezo cyo kubaho gikunze gusabwa kubwimpamvu zemewe cyangwa zubuyobozi kugirango werekane ko umuntu cyangwa ikigo kibaho. Ntabwo byanze bikunze byemeza niba umuntu ari muzima cyangwa atari muzima; ikora gusa nkibisobanuro byubuzima bwabo nkuko byemewe nubuyobozi butanga.","Icyemezo cy'uko uriho kiba gikenewe n'inzego zimwe na zimwe (nka banki, ubwishingizi, n'ibindi) kugira ngo zemeze ko umuntu akiriho, cyane cyane mu bijyanye n'imicungire y'umutungo cyangwa ubwiteganyirize. Ni inyandiko yemewe n'amategeko.","Icyemezo kibaho, nk&#39;icyemezo cy&#39;amavuko cyangwa inyandiko iranga, akenshi bisabwa mubikorwa bitandukanye, harimo kubona serivisi za leta, gufungura konti muri banki, no gusaba ibyangombwa. Ifasha kumenya umwirondoro wumuntu no kwemererwa uburenganzira ninyungu runaka.","Icyemezo cy'uko umuntu ari ho gishobora gusabwa mu gihe cyo gukemura ibibazo by'ubuzima cyangwa ibindi bibazo byihariye.","Icyemezo cy'aho uba gitangwa kugira ngo cyemezwe ko amakuru yawe ari ukuri; nyamuneka saba gusobanukirwa neza iby'icyemezo mu buryo bw'akazi.","Icyemezo cy'uko umuntu ari ho gisabwa mu bikorwa bimwe na bimwe by'amategeko nk'izungura, cyangwa ibikorwa bya banki. Ni ngombwa kugira ngo hatagira uwiyitirira undi."
"Kwiyandikisha nk'umufasha: Injira kuri Irembo -> Abafasha -> Application -> Uzuze fomu y'ubufasha ukurikiza amabwiriza","Irembo itanga urubuga rworoshye kumurongo aho ushobora kubona serivisi zitandukanye za leta, harimo na serivisi zirishya, udakeneye ubufasha bwumubiri. Sura gusa urubuga rwa irembo cyangwa porogaramu igendanwa kugirango ubone serivisi ukeneye.","Kugira ngo ube umu agent wa Irembo ugomba kubanza kubisaba. Gana ku rubuga rwa Irembo ushake amakuru ajyanye no kuba umu agent cyangwa uhamagare serivisi z'abakiriya babo bakuyobore ku bisabwa n'inzira zikurikizwa.","Serivisi za Irembo zitanga urubuga rworoshye rwo kugera kuri serivisi zitandukanye za leta kumurongo mu Rwanda. Urashobora kubona byoroshye no gukoresha izi serivisi ukoresheje urubuga rwa Irembo cyangwa porogaramu igendanwa, byorohereza abantu bo mu turere twa kure kubona serivisi zingenzi badakeneye ubufasha bwumubiri.","Ushobora gusaba guhabwa uburenganzira bwo gufasha abandi kubona serivisi za Irembo unyuze kuri serivisi za Irembo.","Wakoresha uburyo bwo kwiyandikisha ugahabwa konti yihariye, kandi ushobora kugisha inama serivisi zacu z'ikoranabuhanga kuri Irembo.","Ushobora gusaba kuba umufasha wa Irembo ukandikira kuri agents@irembo.rw. Tuzakoherereza amakuru ajyanye n'ibisabwa n'uburyo bwo kwiyandikisha."
"Tunganya ifoto yawe: 35x45mm, umweru, PDF/JPG. Koresha Irembo Photo Checker mbere yo gusubiza","Kuri irembo, turagutera inkunga yo gusaba ubufasha ku irembo kugirango wizere neza kandi neza serivisi. Ikipe yacu iri hano kugirango igufashe mubibazo byose cyangwa ubufasha ushobora gukenera mugihe cyo gusura.","Menya neza ko ifoto ushyiraho yujuje ibisabwa byose bijyanye n'ingano (size) na format. Irembo isobanura neza ibipimo by'ifoto yemewe ku rubuga rwayo. Gerageza kugabanya ubunini bwayo ukoresheje software cyangwa application ibikora.","Nkuko tubashishikarije gusaba serivisi kumarembo, nyamuneka menye neza ko ufite ibyangombwa byose nibisobanuro byateguwe mbere kugirango byihute. Byongeye kandi, wumve neza ko wegera itsinda ryacu ryunganira abakiriya niba uhuye nikibazo cyangwa ufite ikibazo mugihe cyo gusaba.","Ushobora kugabanya ingano y'ifoto cyangwa ukayihindura mu buryo bwemewe kugira ngo ibashe kwakirwa.","Reba amabwiriza yifoto isabwa kuri Irembo, ushyireho ifoto mu bipimo byemewe maze usabe kongera gutunganya ubusabe bwawe.","Ifoto yawe igomba kuba ifite ingano itarenze 2MB kandi iri mu buryo bwa JPG cyangwa PNG. Ushobora kuyigabanya ukoresheje porogaramu zo kugabanya amashusho mbere yo kongera kuyigerageza."
"Ibyo bisabwa mu gihe cyo gushyingira cyangwa gukemura ibibazo by'ubutaka. Reba kuri Irembo -> Legal -> Special Certificates","Mu rwanda, abantu bashobora gusaba icyemezo cy'ubusugi kugira ngo batangaze ku mugaragaro ko batarubatse cyangwa mu bumwe bw'abaturage. Ibisabwa ngo uzane icyemezo cy'uko ari ingaragu kivuye mu mudugudu bifasha mu kugenzura imiterere y'usaba no kureba ko amakuru yatanzwe ari ukuri.","Icyemezo cy'ubuseribateri gitangwa n'ubuyobozi bw'ibanze (Umudugudu/Akagari) kugira ngo cyemeze ko koko utarashaka. Irembo ifasha mu gusaba icyo cyemezo ariko kigomba kuba gishingiye ku makuru atangwa n'ubuyobozi bukwegereye.","Iyo umuntu asabye icyemezo cy&#39;ubuseribateri mu Rwanda, asabwa kuzana icyemezo mu mudugudu wabo kugira ngo agenzure uko abashakanye bahagaze. Iyi nyandiko yinyongera ifasha kwemeza ukuri nukuri kwamakuru yatanzwe mugikorwa cyo gusaba.","Icyemezo kerekana ko umuntu ari ingaragu gishobora gusabwa mu gihe cyo gushyingirwa cyangwa mu bindi bikorwa byihariye.","Icyo kibazo giterwa n'uburyo bwo kugenzura aho umuntu aturuka; nyamuneka saba ibisobanuro byimbitse kugira ngo wumve neza ibisabwa.","Icyemezo cy'umudugudu ni kimwe mu byangombwa ngombwa bisabwa kugira ngo hakorwe isuzuma ryuzuye mbere yo gutanga icyemezo cy'uko umuntu ari ingaragu."
"Pasiporo zishobora gutwara iminsi 5-7. Kanda kuri Irembo -> Passport Tracking -> Shyiramo application number","Niba pasiporo yawe itinze, birashobora gufata ibyumweru 2-4 kugirango igere. Ushobora kugenzura imiterere y'ubusabe bwa pasiporo yawe kurubuga rwa irembo kugirango ubone amakuru ku gihe cyo gutanga.","Igihe cyo kubona pasiporo gishobora gutandukana bitewe n'ubwoko bwa pasiporo wasabye n'umubare w'abandi basaba. Ushobora gukurikirana aho ubusabe bwawe bugeze kuri konti yawe ya Irembo cyangwa ukabaza ku biro by'abinjira n'abasohoka.","Igihe cyo gutunganya pasiporo mu Rwanda ni iminsi 10 y&#39;akazi. Niba pasiporo yawe ifata igihe kirenze ibi, urashobora kugenzura ninzego zibishinzwe kugirango ubaze uko ibyifuzo byawe bihagaze.","Pasiporo isanzwe itwara igihe gito mu gihe ibisabwa byose byubahirijwe, ariko igihe kirashobora kwiyongera bitewe n'impamvu zitandukanye.","Pasiporo isaba igihe gito kijyanye n'ubushobozi bwa sisitemu; ushobora kubaza serivisi zacu kugira ngo umenye igihe nyacyo bizatwara.","Pasiporo isanzwe itwara iminsi 5-7 y'akazi. Ariko igihe gishobora kuba kirekire bitewe n'umubare w'abasaba. Ushobora kugenzura aho ubusabe bwawe bugeze ku rubuga rwacu."
"Turahuza diplome: Injira kuri Irembo -> Education -> Diploma Verification -> Shyiramo ibisabwa byose","Yego, kuri irembo urashobora gusaba kwemeza impamyabumenyi yawe yamahanga kugirango yemerwe mu rwanda. Uzakenera gutanga ibyangombwa bikenewe kandi ukurikire inzira yagaragajwe kurubuga rwa irembo kugirango impamyabumenyi yawe isuzumwe kandi yemererwe gukoreshwa mu rwanda.","Yego, Irembo itanga serivisi yo gusaba icyemezo cy'ihwanya (equivalence) rya diplome zo mu mahanga. Injira kuri konti yawe ya Irembo, ushake iyo serivisi, hanyuma ukurikize amabwiriza yo gusaba, harimo no gutanga inyandiko zisabwa.","Nibyo, kuri Irembo urashobora gusaba kuringaniza dipolome yawe yamahanga kugirango yemeze mu Rwanda. Uzakenera gutanga ibyangombwa bikenewe hanyuma ukurikize inzira yo gusaba kugirango ubone uburinganire.","Ushobora gusaba guhabwa diplome ifite agaciro ko mu Rwanda unyuze kuri serivisi za Irembo.","Saba gahunda zacu zunganira aho usaba diplome, maze ubone ubufasha mu buryo bwemewe kandi bwihuse bwa Irembo.","Kugira ngo diplome yawe yo mu mahanga yemerwe mu Rwanda, ugomba gusaba icyemezo cy'iyemerwa mu Kigo cy'Igihugu Gishinzwe Uburezi (REB). Ushobora gutangira ukoresheje Irembo."
"Ibyemezo bisabwa mu gihe cyo gukora mutation, gushyingira, cyangwa gukemura ibibazo by'ubutaka. Reba kuri Irembo -> Legal Certificates","Kugirango ubone icyemezo cy'umushinjacyaha mu rwanda, ushobora kubisaba ukoresheje urubuga rwa irembo. Sura gusa urubuga rwa irembo cyangwa porogaramu igendanwa, hitamo serivisi bireba, wuzuze amakuru asabwa, hanyuma ukurikire amabwiriza yo kurangiza inzira yo gusaba.","Icyemezo cy'ubushinjacyaha gitangwa na RIB (Ikigo gishinzwe Ubufatanye n'Ukuri) kugira ngo cyemeze ko umuntu akiriho atakiriye inyandiko z'ubushinjacyaha. Ushobora gusaba icyo cyemezo kuri urubuga rwa Irembo cyangwa ukahamagara umurongo w'ubufasha wa RIB.","Kugira ngo umuntu abone icyemezo cy&#39;umushinjacyaha mu Rwanda, umuntu ku giti cye ashobora gusura ibiro by&#39;ubushinjacyaha bikwegereye cyangwa akabaza ikigo cy&#39;igihugu gishinzwe ubushinjacyaha (NPPA) kugira ngo akuyobore ku bisabwa byihariye n&#39;uburyo agomba gukurikiza. Ni ngombwa gutanga ibyangombwa byose bikenewe hamwe namakuru kugirango ashyigikire icyifuzo cyumushinjacyaha.","Ushobora gusaba icyemezo cy'ubushinjacyaha unyuze kuri serivisi za Irembo cyangwa ukagana ibiro by'ubushinjacyaha.","Nyamuneka saba icyemezo gishyashya cy’ubutaka mu biro byacu cyangwa ukoreshe serivisi zacu kuri Irembo zifasha kuvugurura inyandiko.","Ushobora gusaba icyemezo cy'ubushinjacyaha ukoresheje Irembo. Injira ku rubuga rwacu, ukore konti, uhitemo iyo serivisi, wuzuze amakuru asabwa, wishyure amafaranga asabwa, hanyuma utegereze icyemezo cyawe."
"Tumizera email ku legal@irembo.rw ugaragaza 'Birth Certificate Clarification' mu mutwe, uzuzemo kopi y'icyemezo","Birakomeye! Niba umaze kubona icyemezo cyawe cyamavuko, ugomba kuba witeguye inzira yo gusaba akazi muri rba. Witondere gutanga ibyangombwa bisabwa kandi ukurikize amabwiriza yinyongera atangwa numukoresha. Amahirwe masa kubisaba akazi!","Acte de naissance ni icyemezo cy'ubwana cyatanzwe n'ababyeyi cyangwa abazungu ba muntu wese. Irembo ifasha mu gusaba icyemezo cy'amavuko, ariko kigomba kuba gishingiye ku makuru atangwa n'ababyeyi cyangwa abazungu. Ushobora gukurikirana aho ubusabe bwawe bugeze kuri konti yawe ya Irembo cyangwa ukahamagara umurongo w'ubufasha wa Irembo ngo umenye aho bigeze.","Niba warabonye icyemezo cyamavuko, urashobora gukoresha serivise ya Irembo kugirango ubone icyemezo cyangwa usabe izindi kopi mugihe bikenewe kugirango usabe akazi muri RBA.","Ushobora gusaba icyemezo cy'amavuko gishya unyuze kuri serivisi za Irembo cyangwa ukagana ibiro by'ubutaka.","Tegereza gato cyangwa uhamagare serivisi zacu kugira ngo utange ikibazo cyawe ku bijyanye no kwishyura neza.","Acte de naissance n'icyemezo cy'amavuko ni ibintu bibiri bitandukanye. Ushobora gusaba icyemezo cy'amavuko gishya ukoresheje Irembo kugira ngo kibe cyujuje ibisabwa."
"Kanda kuri Irembo -> Permits -> Vehicle Registration -> Shyiramo ibisabwa byose","Niba ufite uruhushya rwo gutwara, urashobora gukoresha urubuga rwa interineti rwa irembo kugirango uvugurure cyangwa usimbuze, kimwe no kugenzura agaciro kayo no gukurikirana uko ubusabe bwawe bugeze mu rwanda.","Ushobora gusaba uruhushya rwo gutwara moto ukoresheje urubuga rwa Irembo cyangwa ukahamagara umurongo w'ubufasha wa RTRA (Ikigo gishinzwe Gutwara no Kuhagararira).","Niba ufite uruhushya rwo gutwara ibinyabiziga mu Rwanda, urashobora gukoresha serivisi ya Irembo kugirango uyivugurure kumurongo utiriwe usura ibiro byabiherewe uburenganzira. Sura gusa urubuga rwa Irembo cyangwa porogaramu igendanwa kugirango utangire inzira yo kuvugurura kandi ukurikize amabwiriza yatanzwe.","Ushobora gusaba uruhushya rwo gutwara moto unyuze kuri serivisi za Irembo cyangwa ukagana ibiro by'ubutaka.","Nyamuneka saba icyemezo gishyashya cy’ubutaka mu biro byacu cyangwa ukoreshe serivisi zacu kuri Irembo zifasha kuvugurura inyandiko.","Ushobora gusaba uruhushya rwo gutwara moto ukoresheje Irembo. Uzakenera kwiyandikisha mu ishuri ryo gutwara ibinyabiziga, gutsinda ikizamini, no kwishyura amafaranga asabwa."
"Kanda kuri Irembo -> Land Services -> Subdivision -> Shyiramo ibisabwa byose","Kugirango ugabanye ikibanza cyawe mubice bibiri bitandukanye kugirango wubake amazu, uzakenera gutanga icyifuzo kubiro bya leta bireba cyangwa ibiro byubuyobozi bwubutaka. Bazakuyobora muburyo bwo kugabana ubutaka no kubona ibyemezo bikenewe kumushinga wawe.","Ushobora gusaba icyemezo cy'igihugu gishinzwe ubutaka kugira ngo cyemeze ko umutungo wawe utagabanywa. Injira kuri konti yawe ya Irembo, ushake serivisi yo gusaba icyemezo cy'igihugu gishinzwe ubutaka, hanyuma ukurikize amabwiriza yo gusaba, harimo no gutanga inyandiko zisabwa.","Urashobora gusaba serivisi zo kugabana ubutaka ukoresheje urubuga rwa interineti rwa Irembo. Kora konti gusa, wuzuze impapuro zikenewe, hanyuma utange ibyifuzo byawe kugirango ubyemeze. Iyi nzira izagufasha kugabana byemewe nubutaka bwawe muri Rusororo kubyo ugamije.","Ushobora gusaba icyemezo cyo kugabanya ikibanza unyuze kuri serivisi za Irembo cyangwa ukagana ibiro by'ubutaka.","Saba amakuru y'aho icyangombwa kiri anyuze mu murongo w'ubufasha kuri Irembo, maze usuzume uko byagenze mu buryo bw'umwuga.","Kugira ngo ugabanye ikibanza, uzakenera gusaba uruhushya rwo kugabanya ubutaka. Uzakenera ibyangombwa by'ubutaka, igenamigambi ry'ahazubakwa, no kwishyura amafaranga asabwa."
"Kanda kuri Irembo -> Education -> Permit Application -> Shyiramo ibisabwa byose","Urakoze kurangiza amashuri yisumbuye! Urashobora gukoresha serivisi za irembo kugirango usabe gahunda zuburezi bwo hejuru, usabe inyandiko zamasomo, cyangwa ubone ubundi buryo bwuburezi kugirango ukomeze urugendo rwawe.","Ushobora gusaba perimi ukoresheje urubuga rwa Irembo cyangwa ukahamagara umurongo w'ubufasha wa RTRA (Ikigo gishinzwe Gutwara no Kuhagararira).","Twishimiye kurangiza amashuri yisumbuye! Niba ushaka guteza imbere amashuri yawe, urashobora gukoresha serivisi za Irembo kugirango usabe kwinjira muri kaminuza cyangwa ugere kubindi bikoresho byuburezi mu Rwanda.","Ushobora gusaba uruhushya rwo gutwara imodoka unyuze kuri serivisi za Irembo cyangwa ukagana ibiro by'ubutaka.","Nyamuneka saba icyemezo gishyashya cy’ubutaka mu biro byacu cyangwa ukoreshe serivisi zacu kuri Irembo zifasha kuvugurura inyandiko.","Kugira ngo ubone perimi, ugomba kuba ufite nibura imyaka 18, kwiyandikisha mu ishuri ryo gutwara ibinyabiziga, gutsinda ibizamini byombi (inyandiko n'ibikorwa), no kwishyura amafaranga asabwa."
"Ibyemezo bisabwa mu gihe cyo gukora mutation, gushyingira, cyangwa gukemura ibibazo by'ubutaka. Reba kuri Irembo -> Legal Certificates","Icyemezo cy'imyitwarire myiza, cyemeza ko utari muri gereza, ubusanzwe kigira agaciro k'umwaka umwe mu rwanda. Kugirango ubone icyemezo gishya, urashobora kubisaba kumurongo ukoresheje urubuga rwa irembo cyangwa ugasura sitasiyo ya polisi iri hafi kugirango igufashe.","Icyemezo cy'uko tutafunzwe gishobora kuba gikenewe n'inzego zimwe na zimwe (nka kazi, ubwishingizi, n'ibindi) kugira ngo zemeze ko umuntu akiriho, cyane cyane mu bijyanye n'imicungire y'umutungo cyangwa ubwiteganyirize. Igihe cyo kwishyura icyemezo gishobora gutandukana bitewe n'inzego zikwegereye. Ushobora gukurikirana aho ubusabe bwawe bugeze kuri konti yawe ya Irembo cyangwa ukahamagara umurongo w'ubufasha wa Irembo ngo umenye aho bigeze.","Mu Rwanda, icyemezo cy&#39;inshinjabyaha cyakuwe mu biro by&#39;ubushinjacyaha gifite agaciro mu gihe cy&#39;amezi atandatu. Kugira ngo ubone icyemezo gishya, urashobora gusaba imwe ukoresheje serivisi za Irembo kumurongo cyangwa gusura ubushinjacyaha imbonankubone kugirango inyandiko ivuguruye.","Ushobora gusaba icyemezo gishya cy'uko tutafunzwe unyuze kuri serivisi za Irembo cyangwa ukagana ibiro by'ubutaka.","Tegereza gato cyangwa uhamagare serivisi zacu kugira ngo utange ikibazo cyawe ku bijyanye no kwishyura neza.","Icyemezo cy'uko umuntu atafunzwe kimara amezi 6 gusa. Ushobora gusaba icyemezo gishya ukoresheje Irembo. Injira ku rubuga rwacu, uhitemo iyo serivisi, wuzuze amakuru asabwa, wishyure amafaranga asabwa."
"Kanda kuri Irembo -> ID Services -> Document Tracking -> Shyiramo numero y'irangamimerere -> Reba progress","Mbabarira kubyerekeye ikibazo cyawe. Kugirango ubone ibyemezo byinyongera, uzakenera kumenyekanisha ubujura kuri polisi hanyuma usabe gusimburwa ku biro bya leta bireba, nk'ubuyobozi bukuru bw'abinjira n'abasohoka mu rwanda. Menya neza gutanga ibyangombwa byose bikenewe kandi ukurikize inzira zisabwa.","Ushobora gusanga ibyangombwa byawe byose kuri konti yawe ya Irembo, cyangwa ukahamagara umurongo w'ubufasha wa Irembo kugira ngo bakurikirane ikibazo cyawe.","Mbabajwe no kumva ubujura bwinyandiko zawe. Kugirango ubone abasimbuza uruhushya rwo gutwara no kwerekana indangamuntu, ugomba kumenyesha abapolisi ubujura hanyuma ugasura inzego zibishinzwe nka polisi ishinzwe umutekano wo mu muhanda uruhushya rwo gutwara ibinyabiziga ndetse n’ikigo cy’igihugu gishinzwe kumenyekanisha indangamuntu kugirango usabe abasimbuye.","Ushobora gusaba ibyangombwa bishya unyuze kuri serivisi za Irembo cyangwa ukagana ibiro by'ubutaka.","Nyamuneka saba icyemezo gishyashya cy’ubutaka mu biro byacu cyangwa ukoreshe serivisi zacu kuri Irembo zifasha kuvugurura inyandiko.","Ugomba kubanza gutanga raporo y'ubujura muri polisi. Nyuma ushobora gusaba ibyangombwa bishya ukoresheje Irembo. Uzakenera kwerekana kopi ya raporo y'ubujura n'inyemezabwishyu y'amafaranga asabwa."
