"Question","Topic"
"Kubera iki mumaze igihe kinini mutaduha uburenganzira bwo gufungura Irembo ryacu? Ndashaka nanjye kujya mfasha abantu kubona serivisi z'Irembo","Service"
"Ese umuntu ashaka akazi mu Irembo yabavugisha gute?","Service"
"Icyangombwa cyanjye cy'ubutaka narakibuze kandi ngejeje igihe cyo gutanga umusoro, ubwo nakibona gute ngo mbashe kwishyura imisoro","Document"
"Ese ko mbona gusaba pasiporo bitari gukunda mwamfasha kuyinsabira","Service"
"Ese Irembo, iyo umuntu amaze kwiyandikisha kuri permit ntabone code yiwe biba byagenze gute ubwo?","Exam"
"Aka message mwampaye narakabuze kandi ejo mfite examen. nakabona gute?","Exam"
"Icyumweru gishize niyandikishije ku kizami ariko sinibuka italiki y'ikizamini. Munyibutse italiki","Exam"
"Nijoro niyandikishije ariko ndi kwishyura bikanga. Kandi ndabishaka cyane mumfashe","Payment"
"Nasabye icyemezo gisimbura indangamuntu ariko ntabwo nibuka numero yanjye ya dosiye. Mwanyibutsa?","Document"
"Ndikugerageza kudownloadinga icyemezo cyanjye cy'amavuko nk'ibisanzwe ariko ntibikunda sinzi ikibazo kirimo","Document"
"Maze kwiyandikisha ariko nsanze nashyizemo kuzakorera Rusizi kandi nashakaga Musanze. Munkuriremo iyo dosiye nongere niyandikishe","Document"
"Ese birashoboka ko mwampindurira uwo twari kuzashakana nkashyiraho undi. Nandikishije ishyingirwa ariko uwo twari kuzashakana yarabyanze nshaka undi","Document"
"Ndashaka kwishyura imisoro hakiri kare bataramfungira.","Payment"
"Nabonye ku mbuga zanyu mwatumenyesheje ko mushobora kudufasha gusimbuza amafoto yo ku ndangamuntu, ndasabwa iki?","Service"
"Mu kwiyandikisha kuri permit, kuki buri gihe nsangamo imyanya yo muri Busanza gusa?","Exam"
"Maze kwishyura Traffic fine ariko nsanga n'umushoferi wanjye nawe yishyuye, ubwo ayo mafaranga turayasubizwa bigenze gute?","Payment"
"ko ubushize nasabye icyemezo cy'uko ntafunzwe nkahita nkibona, ubu bwo kuki cyatinze? kimaze icyumweru kirenga.","Document"
"Twasabye ibyemezo by'uko tutafunzwe njye na madamu n'umuhungu wanjye ariko bo barabibonye njye sinzi impamvu byatinze","Document"
"Nifuzaga kumenya aho icyangombwa cyanjye cy'ubutaka kigeze kuko twakoze mutation ukwezi gushize kandi sindabona icyangombwa cyanjye","Document"
"Mvuye mu kizamini ariko nahise nzimya machine ntabonye amanota yanjye, mwamfasha kuyamenya","Exam"
"Kubera iki umuntu akenera icyemezo cy'uko ari ho kandi mumubona ko ari muzima?","Document"
"Bitewe n'uko mbona serivisi z'Irembo ari ingenzi cyane kandi hano mu gace kacu nta bantu dufite badufasha kuzibona, ndashaka kuzajya mbikorera bagenzi. Ni gute nabona compte nanjye nkajya nsabira abantu serivisi.","Service"
"Nk'uko mudushikariza kwisabira serivisi ku Irembo, nabigerageze nsaba passport ariko ndi gushyiraho ifoto ntibikunde bakambwira ko ari nini. Ndabigenza nte?","Service"
"Kubera iki umuntu asaba icyemezo cy'uko ari ingaragu bakamusaba kuzana icyemezo kerekana ko ari ingaragu akuye mu mudugudu?","Document"
"Ubusanzwe pasiporo itwara igihe kingana gute ko mbona iyanjye yatinze?","Document"
"Numvise ko ku Irembo mushobora kumfasha kubona diplome ifite agaciro ko mu Rwanda kuko njye nize muri Israel. Bigenda gute?","Service"
"Muraho! Ni gute umuntu yabona icyemezo cy'ubushinjacyaha mu gihe agikeneye?","Service"
"Nagiye gusaba akazi muri RBA bansaba icyemezo cy'amavuko kandi njyewe nsanze acte de naissance, nayo ubwo ntibayemera?","Document"
"Mfite uruhushya rwo gutwara imodoka, ndashaka urundi ruhushya rwo gutwara moto. Ndaca mu zihe nzira?","Service"
"Mfite ikibanza kinini naguze hariya Rusororo. Ariko ndashaka kukigabanyamo kabiri hamwe nkazaturamo ahandi nkazubakamo amazu akodeshwa. Bambwiye ko mbisabira ku Irembo, mwamfasha kumenya icyo bisaba? ","Service"
"Ndangije kwiga secondaire, ndashaka guhita nkorera perimi mu gihe ntaratangira kwiga. Mwamfasha mu nzira nanyuramo?","Service"
"Ku kazi badusabye icyemezo cy'uko tutafunzwe. Natanze icyemezo gisanzwe nakuye muri parike umwaka ushize baracyanga. Mwamenyera neza iki cyemezo kimara igihe kingana gute mu by'ukuri ndetse n'uko nabigenza ngo mbone icyemezo gishya?","Document"
"Ejo banyibye ibyangombwa byanjye birimo perimi n'indangamuntu. Ubu koko naca mu zihe nzira ngo mbone ibindi byangombwa?","Document"